id,street_name,limits,northbound_count,southbound_count,eastbound_count,westbound_count,total_count,file_no,date_count
54ST015818,54 ST,COLLEGE GROVE DR - REDWOOD ST,10442,9676,,,20118,0158-18,4/3/18 0:00
ADAMSAV015118,ADAMS AV,E MOUNTAIN VIEW DR - 39 ST,,,9478,9893,19371,0151-18,4/3/18 0:00
BOUNDARYST013918,BOUNDARY ST,NORTH PARK WY - UNIVERSITY AV,3649,2476,,,6125,0139-18,4/3/18 0:00
CHOLLASRD015918,CHOLLAS RD,EUCLID AV - QUINCE ST,2593,2483,,,5076,0159-18,4/3/18 0:00
EUCLIDAV014418,EUCLID AV,AUBURN DR - UNIVERSITY AV,7354,7892,,,15246,0144-18,4/3/18 0:00
FAIRMOUNTAV014218,FAIRMOUNT AV,44 ST - LAUREL ST,8896,12173,,,21069,0142-18,4/3/18 0:00
FAIRMOUNTAV014318,FAIRMOUNT AV,POPLAR ST - MANZANITA PL,8081,8096,,,16177,0143-18,4/3/18 0:00
HOMEAV014018,HOME AV,BEECH ST - GATEWAY DR,9503,8760,,,18263,0140-18,4/3/18 0:00
HOMEAV014118,HOME AV,FAIRMOUNT AV - 45 ST,9297,8295,,,17592,0141-18,4/3/18 0:00
JACKSONDR029118,JACKSON DR,COWLES MTN BL - GOLFCREST DR,,,4060,3928,7988,0291-18,4/3/18 0:00
OUTERRD030618,OUTER RD,HOLLISTER ST - CORONADO SB AV,2335,2209,,,4544,0306-18,4/3/18 0:00
PARADISEVALLEYRD033218,PARADISE VALLEY RD,BRIARWOOD RD - CITY LIMIT ,,,8125,7927,16052,0332-18,4/3/18 0:00
ROCKWOODRD002918,ROCKWOOD RD,CLOVERDALE RD - OLD RANCH RD,,,1538,1417,2955,0029-18,4/3/18 0:00
SANCARLOSDR029218,SAN CARLOS DR,COWLESS MTN BL - LAKE MURRAY BL,,,969,1242,2211,0292-18,4/3/18 0:00
SANPASQUALRD003118,SAN PASQUAL RD,OLD MILKY WY - OLD SAN PASQUAL RD,2160,2683,,,4843,0031-18,4/3/18 0:00
SD078002818,SD 078 ,OLD MILKY WY - YSABEL CREEK RD,,,5046,5350,10396,0028-18,4/3/18 0:00
TULIPST014918,TULIP ST,RALENE ST - SYCAMORE DR,1219,1201,,,2420,0149-18,4/3/18 0:00
UNIVERSITYAV014818,UNIVERSITY AV,41 ST - MARLBOROUGH AV,,,13807,12651,26458,0148-18,4/3/18 0:00
UNIVERSITYAV014718,UNIVERSITY AV,46 ST - MENLO AV,,,9459,9514,18973,0147-18,4/3/18 0:00
WCANYONAV002418,W CANYON AV,GRANITE RIDGE DR - AERO DR,1999,2464,,,4463,0024-18,4/3/18 0:00
35ST015018,35 ST,POLK AV - ORANGE AV,1926,1722,,,3648,0150-18,4/4/18 0:00
43ST014618,43 ST,LANDIS ST - WIGHTMAN ST,,4246,,,4246,0146-18,4/4/18 0:00
43ST014518,43 ST,WIGHTMAN ST - UNIVERSITY AV,,4660,,,4660,0145-18,4/4/18 0:00
ADAMSAV016718,ADAMS AV,VISTA ST - VAN DYKE AV,,,3350,2780,6130,0167-18,4/4/18 0:00
BAYVIEWHTSDR016818,BAYVIEW HTS DR,BAYVIEW HTS WY - GRAPE ST,1785,1973,,,3758,0168-18,4/4/18 0:00
CELIAVISTADR016618,CELIA VISTA DR,LOMA ALTA DR - ARAGON DR,,,1621,2624,4245,0166-18,4/4/18 0:00
COLLEGEGROVEWY016118,COLLEGE GROVE WY,SD 094  - COLLEGE GROVE DR,5494,3888,,,9382,0161-18,4/4/18 0:00
EUCLIDAV015518,EUCLID AV,MARILOU RD - 54 ST,14281,14831,,,29112,0155-18,4/4/18 0:00
FAIRMOUNTAV028518,FAIRMOUNT AV,43 ST - ALDINE DR,8522,8949,,,17471,0285-18,4/4/18 0:00
FAIRMOUNTAV028418,FAIRMOUNT AV,ALDINE DR - MONTEZUMA RD,18782,17705,,,36487,0284-18,4/4/18 0:00
FAIRMOUNTAV016218,FAIRMOUNT AV,ORANGE AV - EL CAJON BL,7501,1854,,,9355,0162-18,4/4/18 0:00
FAIRMOUNTAV016318,FAIRMOUNT AV,WIGHTMAN ST - UNIVERSITY AV,7366,4380,,,11746,0163-18,4/4/18 0:00
FEDERALBL031018,FEDERAL BL,HOME AV - 47 ST,,,2384,3186,5570,0310-18,4/4/18 0:00
SALMONRIVERRD029718,SALMON RIVER RD,CALLE ROSA  - SAWTOOTH WY,1597,1844,,,3441,0297-18,4/4/18 0:00
SEMILLONBL029618,SEMILLON BL,POMERADO RD - FAIRBROOK RD,,,1501,1440,2941,0296-18,4/4/18 0:00
STREAMVIEWDR016018,STREAMVIEW DR,HASTY ST - BOREN ST,,,1578,1543,3121,0160-18,4/4/18 0:00
UNIVERSITYAV016418,UNIVERSITY AV,58 ST - UNIVERSITY SQ DY,12348,12590,,,24938,0164-18,4/4/18 0:00
UNIVERSITYAV016518,UNIVERSITY AV,CHOLLAS PY - 58 ST,14630,14790,,,29420,0165-18,4/4/18 0:00
ANTIGUABL031618,ANTIGUA BL,CLAIREMONT MESA BL - SANTO RD,1461,1023,,,2484,0316-18,4/5/18 0:00
CATOCTINDR033118,CATOCTIN DR,63 ST - MONTEZUMA RD,,,1020,857,1877,0331-18,4/5/18 0:00
CHANDLERDR032018,CHANDLER DR,DOLIVA DR - CANNINGTON DR,,,1585,2008,3593,0320-18,4/5/18 0:00
CHARGERBL032118,CHARGER BL,BALBOA AV - CANNINGTON DR,2744,2540,,,5284,0321-18,4/5/18 0:00
CHOLLASRD030518,CHOLLAS RD,EUCLID AV - COLLURA ST,2477,2032,,,4509,0305-18,4/5/18 0:00
CLAIREMONTMESABL029418,CLAIREMONT MESA BL,SD 015  - SANTO RD,,,10439,7319,17758,0294-18,4/5/18 0:00
ELCAJONBL015218,EL CAJON BL,38 ST - 39 ST,,,11614,10434,22048,0152-18,4/5/18 0:00
EUCLIDAV015618,EUCLID AV,BEECH ST - LYON ST,17529,17557,,,35086,0156-18,4/5/18 0:00
FAIRMOUNTAV015718,FAIRMOUNT AV,LANDIS ST - WIGHTMAN ,7402,4125,,,11527,0157-18,4/5/18 0:00
FAIRMOUNTAV028618,FAIRMOUNT AV,MONTEZUMA RD - CAMINO DEL RIO S ,44077,43438,,,87515,0286-18,4/5/18 0:00
FORTSTOCKTONDR029318,FORT STOCKTON DR,SUNSET BL - ARISTA DR,1306,1274,,,2580,0293-18,4/5/18 0:00
GOODEST032618,GOODE ST,BRIARWOOD RD - MANZANA WY,1752,1890,,,3642,0326-18,4/5/18 0:00
MONTEZUMARD032418,MONTEZUMA RD,55 ST - COLLEGE AV,,,11277,10985,22262,0324-18,4/5/18 0:00
NEVENINGCREEKDR030218,N EVENING CREEK DR,S EVENING CREEK DR - SABRE SPRINGS PY,1851,1961,,,3812,0302-18,4/5/18 0:00
ORANGEAV015418,ORANGE AV,SWIFT AV - 35 ST,,,3571,3696,7267,0154-18,4/5/18 0:00
ORANGEAV015318,ORANGE AV,W CHEROKEE AV - E CHEROKEE AV,,,3616,3520,7136,0153-18,4/5/18 0:00
PARKRIDGEBL030118,PARK RIDGE BL,WANDERMERE DR - NAVAJO RD,1688,1809,,,3497,0301-18,4/5/18 0:00
RONSONRD030918,RONSON RD,SHAWLINE DR - CONVOY ST,,,2312,1600,3912,0309-18,4/5/18 0:00
SEVENINGCREEKDR029818,S EVENING CREEK DR,SABRE SPRINGS PY - N EVENING CREEK DR,1747,2517,,,4264,0298-18,4/5/18 0:00
SIEMPREVIVARD031118,SIEMPRE VIVA RD,SD 905  - ENRICO FERMI DR,,,3701,3651,7352,0311-18,4/5/18 0:00
SUNDEVILWY030818,SUNDEVIL WY,CARMEL MTN RD - BASSMORE DR,,,948,1125,2073,0308-18,4/5/18 0:00
TEXASST031218,TEXAS ST,EL CAJON BL - MADISON AV,8588,8583,,,17171,0312-18,4/5/18 0:00
WARINGRD031318,WARING RD,ORCUTT AV - PRINCESS VIEW DR,10460,11192,,,21652,0313-18,4/5/18 0:00
35ST017218,35 ST,EL CAJON BL - MEADE AV,2447,2957,,,5404,0172-18,4/10/18 0:00
ADAMSAV017318,ADAMS AV,MISSISSIPPI ST - LOUISIANA ST,,,2902,3150,6052,0173-18,4/10/18 0:00
APPLETONST31418,APPLETON ST,MERRIMAC AV - GENESEE AV,,,2768,2564,5332,314-18,4/10/18 0:00
COLLEGEAV017018,COLLEGE AV,COLLEGE GROVE AV - MERIDIAN AV,,,11164,11602,22766,0170-18,4/10/18 0:00
COLLEGEGROVEDR016918,COLLEGE GROVE DR,KRENNING ST - 55 ST,,,4725,5335,10060,0169-18,4/10/18 0:00
DIANEAV32218,DIANE AV,CHATEAU DR - CLAIREMONT MESA BL,626,451,,,1077,322-18,4/10/18 0:00
JUTLANDDR29918,JUTLAND DR,MORENA BL - LUNA AV,5390,4234,,,9624,299-18,4/10/18 0:00
MARLBOROUGHAV024418,MARLBOROUGH AV,EL CAJON BL - MEADE AV,1371,1378,,,2749,0244-18,4/10/18 0:00
MARLBOROUGHAV017418,MARLBOROUGH AV,ORANGE AV - EL CAJON BL,1323,1062,,,2385,0174-18,4/10/18 0:00
MARLBOROUGHAV022518,MARLBOROUGH AV,UNIVERSITY AV - POLK AV,2383,2393,,,4776,0225-18,4/10/18 0:00
MARLBOROUGHAV023018,MARLBOROUGH AV,WIGHTMAN ST - UNIVERSITY AV,2228,2069,,,4297,0230-18,4/10/18 0:00
MTABERNATHYAV32318,MT ABERNATHY AV,REDBROOK DR - KESLING ST,1314,1011,,,2325,323-18,4/10/18 0:00
PACIFICBEACHDR31818,PACIFIC BEACH DR,RIVERIA DR - INGRAHAM ST,,,2071,2108,4179,318-18,4/10/18 0:00
SCRIPPSTL29518,SCRIPPS TL,AVENIDA MAGNIFICA  - SEMILLON BL,1643,1715,,,3358,295-18,4/10/18 0:00
SHAWNEERD31918,SHAWNEE RD,SUMTER ST - RAPPAHANNOCK AV,740,996,,,1736,319-18,4/10/18 0:00
TRIANAST31518,TRIANA ST,DERRICK DR - LIMERICK AV,,,1629,1591,3220,315-18,4/10/18 0:00
UNIVERSITYAV017118,UNIVERSITY AV,ROLANDO BL - ARAGON DR,,,7708,7325,15033,0171-18,4/10/18 0:00
54ST018818,54 ST,FABER WY S - FABER WY N,2256,1878,,,4134,0188-18,4/11/18 0:00
70ST018618,70 ST,SARANAC ST - ALVARADO RD,16143,14414,,,30557,0186-18,4/11/18 0:00
ALVARADORD018218,ALVARADO RD,COLLEGE AV - ALVARADO CT,,,3742,3820,7562,0182-18,4/11/18 0:00
ALVARADORD018318,ALVARADO RD,RESERVOIR DR - 70 ST,,,3955,3961,7916,0183-18,4/11/18 0:00
CALLEDELAPLATA031718,CALLE DE LA PLATA ,TORREY PINES RD - AVENIDA PLAYA ,613,682,,,1295,0317-18,4/11/18 0:00
CAMPANILEDR018018,CAMPANILE DR,MARY LANE DR - MONTEZUMA RD,1491,1408,,,2899,0180-18,4/11/18 0:00
CAMPANILEDR017918,CAMPANILE DR,MONTEZUMA RD - LINDO PASEO ,3319,3125,,,6444,0179-18,4/11/18 0:00
CANONST33018,CANON ST,ROSECRANS ST - VALEMONT ST,5118,6151,,,11269,330-18,4/11/18 0:00
COLLEGEAV018518,COLLEGE AV,AROSA ST - MESITA DR,12095,12353,,,24448,0185-18,4/11/18 0:00
COLLEGEAV017618,COLLEGE AV,HARDY AV - ZUMA (PVT) ST,14943,14224,,,29167,0176-18,4/11/18 0:00
COLLEGEAV026518,COLLEGE AV,LIVINGSTON ST - J MCCARTHY WY,18843,17580,,,36423,0265-18,4/11/18 0:00
COLLEGEAV018418,COLLEGE AV,ROCKHURST DR - WENRICH DR,10073,10805,,,20878,0184-18,4/11/18 0:00
COLLEGEAV018118,COLLEGE AV,SD 008  - DEL CERRO BL,17957,18356,,,36313,0181-18,4/11/18 0:00
MONTEZUMARD019318,MONTEZUMA RD,54 ST - 55 ST,,,13795,13113,26908,0193-18,4/11/18 0:00
MONTEZUMARD019418,MONTEZUMA RD,CAMPANILE DR - MONTEZUMA PL,,,13785,13431,27216,0194-18,4/11/18 0:00
MONTEZUMARD019218,MONTEZUMA RD,FAIRMOUNT AV - COLLWOOD BL,,,20285,21057,41342,0192-18,4/11/18 0:00
MONTEZUMARD017818,MONTEZUMA RD,RESERVOIR DR - EL CAJON BL,,,6148,5874,12022,0178-18,4/11/18 0:00
MONTEZUMARD017718,MONTEZUMA RD,ROCKFORD DR - E CAMPUS DR,,,9420,9235,18655,0177-18,4/11/18 0:00
MONTEZUMARD019118,MONTEZUMA RD,YERBA SANTA DR - 54 ST,,,13802,12961,26763,0191-18,4/11/18 0:00
54ST018918,54 ST,COLLIER AV - NEW MILLS RD,1283,1257,,,2540,0189-18,4/12/18 0:00
54ST019018,54 ST,EL CAJON BL - COLLWOOD BL,12522,11255,,,23777,0190-18,4/12/18 0:00
70ST019518,70 ST,AMHERST ST - EL CAJON BL,12725,13519,,,26244,0195-18,4/12/18 0:00
ADAMSAV018718,ADAMS AV,48 ST - ESTRELLA AV,,,1130,1119,2249,0187-18,4/12/18 0:00
DUNAWAYDR32718,DUNAWAY DR,PRESWICK DR - TORREY PINES RD,1291,1589,,,2880,327-18,4/12/18 0:00
FAIRMOUNTAV024818,FAIRMOUNT AV,CHOLLAS PY - RIDGE VIEW DR,3952,5020,,,8972,0248-18,4/12/18 0:00
FAIRMOUNTAV019618,FAIRMOUNT AV,MONTEZUMA RD - CAMINO DEL RIO S ,39276,37862,,,77138,0196-18,4/12/18 0:00
FAIRMOUNTAV023718,FAIRMOUNT AV,POLK AV - ORANGE AV,6870,3375,,,10245,0237-18,4/12/18 0:00
RESERVOIRDR017518,RESERVOIR DR,RESERVOIR LN - ALVARADO RD,1755,1806,,,3561,0175-18,4/12/18 0:00
OHIOST021918,OHIO ST,MADISON AV - ADAMS AV,7213,1033,,,8246,0219-18,4/17/18 0:00
PARKBL021818,PARK BL,UNIVERSITY AV - LINCOLN AV,6913,6884,,,13797,0218-18,4/17/18 0:00
PARKBL021718,PARK BL,ZOO PL - MORLEY FIELD DR,5311,5641,,,10952,0217-18,4/17/18 0:00
PLAZADEPANAMA021318,PLAZA DE PANAMA ,PAN AMERICA RD E - EL PRADO ,2839,3442,,,6281,0213-18,4/17/18 0:00
PRESIDENTSWY021418,PRESIDENTS WY,PARK BL - PAN AMERICA PZ,3424,3144,,,6568,0214-18,4/17/18 0:00
PRODUCTIONAV30318,PRODUCTION AV,MIRAMAR RD - CARROLL RD,1502,1543,,,3045,303-18,4/17/18 0:00
REDWOODST021518,REDWOOD ST,29 ST - DALE ST,,,3026,3759,6785,0215-18,4/17/18 0:00
SASSAFRASST019718,SASSAFRAS ST,KETTNER BL - PACIFIC HY,,,7655,6553,14208,0197-18,4/17/18 0:00
STATEST021218,STATE ST,GRAPE ST - HAWTHORN ST,1791,,,,1791,0212-18,4/17/18 0:00
STATEST019818,STATE ST,KALMIA ST - LAUREL ST,1728,2740,,,4468,0198-18,4/17/18 0:00
TRADEST30418,TRADE ST,CAM SANTA FE  - TRADE PL,,,2449,2445,4894,304-18,4/17/18 0:00
UNIVERSITYAV020518,UNIVERSITY AV,04 AV - 05 AV,,,7382,8188,15570,0205-18,4/17/18 0:00
UNIVERSITYAV022318,UNIVERSITY AV,36 ST - CHEROKEE AV,,,7749,7591,15340,0223-18,4/17/18 0:00
UNIVERSITYAV023818,UNIVERSITY AV,43 ST - FAIRMOUNT AV,,,10938,10162,21100,0238-18,4/17/18 0:00
UNIVERSITYAV025518,UNIVERSITY AV,52 ST - SHILOH RD,,,10353,10626,20979,0255-18,4/17/18 0:00
UNIVERSITYAV025618,UNIVERSITY AV,54 ST - CHOLLAS PY,,,11122,12002,23124,0256-18,4/17/18 0:00
UNIVERSITYAV020918,UNIVERSITY AV,BANCROFT ST - BOUNDARY ST,,,11904,10697,22601,0209-18,4/17/18 0:00
UNIVERSITYAV020718,UNIVERSITY AV,CENTRE ST - PARK BL,,,10255,10267,20522,0207-18,4/17/18 0:00
UNIVERSITYAV026618,UNIVERSITY AV,COLLEGE AV - CARTAGENA DR,,,9661,10425,20086,0266-18,4/17/18 0:00
UNIVERSITYAV020818,UNIVERSITY AV,PARK BL - FLORIDA ST,,,9606,9618,19224,0208-18,4/17/18 0:00
UNIVERSITYAV027118,UNIVERSITY AV,SWIFT AV - 35 ST,,,7321,7139,14460,0271-18,4/17/18 0:00
UNIVERSITYAV020618,UNIVERSITY AV,VERMONT ST - RICHMOND ST,,,11842,12064,23906,0206-18,4/17/18 0:00
ZOOPL022018,ZOO PL,PARK BL - FLORIDA DR,3110,3164,,,6274,0220-18,4/17/18 0:00
47ST028018,47 ST,BEECH ST - FEDERAL BL,6668,7377,,,14045,0280-18,4/18/18 0:00
47ST025918,47 ST,FEDERAL BL - FAIRMOUNT AV,4506,4823,,,9329,0259-18,4/18/18 0:00
54ST026118,54 ST,GRAPE ST - PIROTTE DR,10801,11934,,,22735,0261-18,4/18/18 0:00
AVENUEOFSCIENCE30718,AVENUE OF SCIENCE ,RANCHO CARMEL DR - INNOVATION DR,2148,1930,,,4078,307-18,4/18/18 0:00
BAYVIEWHTSDR026218,BAYVIEW HTS DR,BAYVIEW HTS PL - BAYVIEW HTS WY,,,1576,1709,3285,0262-18,4/18/18 0:00
BAYVIEWHTSWY026318,BAYVIEW HTS WY,SD 094  - BAYVIEW HTS DR,5268,4666,,,9934,0263-18,4/18/18 0:00
COLLEGEGROVEDR026418,COLLEGE GROVE DR,CHOLLAS PARK EN - COLLEGE GROVE WY,,,5327,4978,10305,0264-18,4/18/18 0:00
FEDERALBL026018,FEDERAL BL,49 ST - MARY LOU ST,,,4308,4466,8774,0260-18,4/18/18 0:00
FEDERALBL028118,FEDERAL BL,HOME AV - 47 ST,,,2249,1966,4215,0281-18,4/18/18 0:00
LAJOLLACOLONYDR32518,LA JOLLA COLONY DR,GILMAN DR - PALMILLA DR,3607,4064,,,7671,325-18,4/18/18 0:00
MCGUIRERD32818,MCGUIRE RD,CARMEL COUNTRY RD - CAMEL CREEK RD,,,1824,1657,3481,328-18,4/18/18 0:00
TORREYBLUFFDR32918,TORREY BLUFF DR,MCGUIRE DR - TORREY RIDGE DR,1516,1387,,,2903,329-18,4/18/18 0:00
UPASST019918,UPAS ST,LOUISIANA ST - TEXAS ST,,,3238,3072,6310,0199-18,4/18/18 0:00
UPASST020018,UPAS ST,TEXAS ST - ARIZONA ST,,,3910,3533,7443,0200-18,4/18/18 0:00
UTAHST020118,UTAH ST,EL CAJON BL - MEADE AV,1606,1402,,,3008,0201-18,4/18/18 0:00
33ST022118,33 ST,ORANGE AV - BRAMSON PL,3060,3101,,,6161,0221-18,4/19/18 0:00
35ST022218,35 ST,WIGHTMAN ST - UNIVERSITY AV,1325,1226,,,2551,0222-18,4/19/18 0:00
43ST022818,43 ST,EL CAJON BL - MEADE AV,,7368,,,7368,0228-18,4/19/18 0:00
43ST022718,43 ST,ORANGE AV - EL CAJON BL,,6232,,,6232,0227-18,4/19/18 0:00
CHOLLASPY026718,CHOLLAS PY,54 ST - UNIVERSITY AV,,,2227,1771,3998,0267-18,4/19/18 0:00
LANDISST022918,LANDIS ST,43 ST - FAIRMOUNT AV,,,1897,1384,3281,0229-18,4/19/18 0:00
ORANGEAV023118,ORANGE AV,43 ST - FAIRMOUNT AV,,,5321,5253,10574,0231-18,4/19/18 0:00
POMERADORD022418,POMERADO RD,RANCHO BERNARDO RD - CAMINITO GALLARDA ,11686,10276,,,21962,0224-18,4/19/18 0:00
ROBINSONAV020218,ROBINSON AV,01 AV - 03 AV,,,3175,3169,6344,0202-18,4/19/18 0:00
ROBINSONAV020318,ROBINSON AV,04 AV - 05 AV,,,5161,5612,10773,0203-18,4/19/18 0:00
ROBINSONAV021618,ROBINSON AV,05 AV - 06 AV,,,5799,5800,11599,0216-18,4/19/18 0:00
ROBINSONAV020418,ROBINSON AV,PARK BL - GEORGIA ST,,,2199,2668,4867,0204-18,4/19/18 0:00
TEXASST021018,TEXAS ST,HOWARD AV - EL CAJON BL,6274,5775,,,12049,0210-18,4/19/18 0:00
TEXASST021118,TEXAS ST,UNIVERSITY AV - LINCOLN AV,3892,4104,,,7996,0211-18,4/19/18 0:00
30ST023418,30 ST,MADISON AV - ADAMS AV,2143,2440,,,4583,0234-18,4/24/18 0:00
30ST023318,30 ST,MYRTLE AV - CAPPS ST,5312,5332,,,10644,0233-18,4/24/18 0:00
54ST025018,54 ST,CHOLLAS PY - LEA ST,9544,9872,,,19416,0250-18,4/24/18 0:00
62ST024518,62 ST,STANLEY AV - EL CAJON BL,1837,2523,,,4360,0245-18,4/24/18 0:00
ADAMSAV023618,ADAMS AV,30 ST - OHIO ST,,,6455,7141,13596,0236-18,4/24/18 0:00
ADAMSAV023518,ADAMS AV,BANCROFT ST - 33 ST,,,7799,7727,15526,0235-18,4/24/18 0:00
CELIAVISTADR025718,CELIA VISTA DR,ARAGON DR - CASITA WY,,,1798,1536,3334,0257-18,4/24/18 0:00
CENTRALAV022618,CENTRAL AV,DWIGHT ST - LANDIS ST,2625,2801,,,5426,0226-18,4/24/18 0:00
COLLEGEGROVEWY025418,COLLEGE GROVE WY,COLLEGE AV - RACINE RD,,,2300,2370,4670,0254-18,4/24/18 0:00
KRENNINGST025118,KRENNING ST,53 ST - 54 ST,,,1822,1785,3607,0251-18,4/24/18 0:00
MARLBOROUGHDR028318,MARLBOROUGH DR,ALDER DR - E CANTERBURY DR,1699,2084,,,3783,0283-18,4/24/18 0:00
POPLARST023218,POPLAR ST,DAHLIA ST - COLUMBINE ST,,,1726,1747,3473,0232-18,4/24/18 0:00
RACINERD025818,RACINE RD,COLLEGE GROVE DR - LOMA ALTA DR,2306,2382,,,4688,0258-18,4/24/18 0:00
STREAMVIEWDR025218,STREAMVIEW DR,ACE ST - WINLOW ST,,,2235,1769,4004,0252-18,4/24/18 0:00
ELCAJONBL024018,EL CAJON BL,43 ST - FAIRMOUNT AV,,,13698,13872,27570,0240-18,4/25/18 0:00
ELCAJONBL023918,EL CAJON BL,CENTRAL AV - 41 ST,,,12440,11503,23943,0239-18,4/25/18 0:00
ELCAJONBL027218,EL CAJON BL,FELTON ST - 34 ST,,,11274,11186,22460,0272-18,4/25/18 0:00
EUCLIDAV024918,EUCLID AV,ISLA VISTA DR - DWIGHT ST,5096,4884,,,9980,0249-18,4/25/18 0:00
MEADEAV024118,MEADE AV,41 ST - MARLBOROUGH AV,,,2049,1974,4023,0241-18,4/25/18 0:00
MEADEAV024218,MEADE AV,43 ST - FAIRMOUNT AV,,,2530,1889,4419,0242-18,4/25/18 0:00
MEADEAV024318,MEADE AV,FAIRMOUNT AV - 44 ST,,,2118,1567,3685,0243-18,4/25/18 0:00
PARKBL30018,PARK BL,UNIVERSITY AV - EL CAJON BL,3560,3867,,,7427,300-18,4/25/18 0:00
30ST027318,30 ST,HOWARD AV - EL CAJON BL,5134,5004,,,10138,0273-18,4/26/18 0:00
30ST028218,30 ST,NORTH PARK WY - UNIVERSITY AV,5782,5929,,,11711,0282-18,4/26/18 0:00
32ST026818,32 ST,DWIGHT ST - LANDIS ST,1067,825,,,1892,0268-18,4/26/18 0:00
35ST027418,35 ST,ORANGE AV - EL CAJON BL,2489,1948,,,4437,0274-18,4/26/18 0:00
BOUNDARYST027618,BOUNDARY ST,MAPLE ST - COVINGTON RD,1854,1540,,,3394,0276-18,4/26/18 0:00
BOUNDARYST027718,BOUNDARY ST,THORN ST - UPAS ST,1922,2135,,,4057,0277-18,4/26/18 0:00
COLLEGEGROVEDR025318,COLLEGE GROVE DR,COLLEGE GROVE WY - COLLEGE AV,,,5330,5834,11164,0253-18,4/26/18 0:00
EUCLIDAV024618,EUCLID AV,FIR ST - DALEHAVEN PL,3478,3521,,,6999,0246-18,4/26/18 0:00
EUCLIDAV024718,EUCLID AV,RIDGE VIEW DR - HOME AV,,,5624,5415,11039,0247-18,4/26/18 0:00
HOMEAV027818,HOME AV,SPILLMAN DR - HIXSON AV,,,8854,8949,17803,0278-18,4/26/18 0:00
LINCOLNAV027518,LINCOLN AV,33 ST - WABASH AV,,,1138,2886,4024,0275-18,4/26/18 0:00
NPARKWY026918,N PARK WY,BANCROFT ST - 33 ST,,,2561,4431,6992,0269-18,4/26/18 0:00
SWIFTAV027018,SWIFT AV,WIGHTMAN ST - UNIVERSITY AV,3378,2670,,,6048,0270-18,4/26/18 0:00
WIGHTMANST027918,WIGHTMAN ST,40 ST - CENTRAL AV,,,4390,3928,8318,0279-18,4/26/18 0:00
AVENIDADELMEXICO008819,AVENIDA DEL MEXICO ,SATURN BL - ELM AV,,,795,482,1277,0088-19,4/11/19 0:00
CYPRESSCANYONRD008019,CYPRESS CANYON RD,SCRIPPS POWAY PY - BLUE CYPRESS DR,1571,1552,,,3123,0080-19,4/18/19 0:00
HIBERTST008119,HIBERT ST,TREENA ST - SCRIPPS RANCH BL,,,2409,1993,4402,0081-19,4/18/19 0:00
HIGHLANDRHRD006919,HIGHLAND RH RD,TED WILLIAMS PY - CARMEL MOUNTAIN RD,5603,5289,,,10892,0069-19,4/18/19 0:00
MALLARDST007419,MALLARD ST,FEDERAL BL - 69 ST,,,4025,2444,6469,0074-19,4/18/19 0:00
MISSIONBL008519,MISSION BL,EL CARMEL PL - SANTA CLARA PL,8138,8515,,,16653,0085-19,4/18/19 0:00
MISSIONBL008619,MISSION BL,LORING ST - TURQUOISE ST,2717,3341,,,6058,0086-19,4/18/19 0:00
MISSIONBL008319,MISSION BL,SAN DIEGO PL - SAN FERNANDO PL,3795,3735,,,7530,0083-19,4/18/19 0:00
MISSIONBL008719,MISSION BL,SANTA CLARA PL - PACIFIC BEACH DR,8147,9057,,,17204,0087-19,4/18/19 0:00
MISSIONBL008419,MISSION BL,VENTURA PL - EL CARMEL PL,9413,9565,,,18978,0084-19,4/18/19 0:00
POMERADORD007119,POMERADO RD,PASEO DEL VERANO  - PASEO DEL VERANO N ,9264,7307,,,16571,0071-19,4/18/19 0:00
POMERADORD007019,POMERADO RD,PASEO DEL VERANO N  - ESCALA DR,8767,6944,,,15711,0070-19,4/18/19 0:00
SCRIPPSLAKEDR008219,SCRIPPS LAKE DR,RED CEDAR DR - MESA MADERA DR,,,2947,2899,5846,0082-19,4/18/19 0:00
TONAWANDADR006719,TONAWANDA DR,REO DR - PARKSIDE AV,,,5324,6036,11360,0067-19,4/18/19 0:00
DELMARHEIGHTSRD006819,DEL MAR HEIGHTS RD,CARMEL COUNTRY RD - CARMEL VALLEY RD,,,9542,8083,17625,0068-19,4/25/19 0:00
LAJOLLAVILLAGEDR007919,LA JOLLA VILLAGE DR,GENESEE AV - SD 805 SB OFF RA ,,,35013,31806,66819,0079-19,4/25/19 0:00
LAJOLLAVILLAGEDR007819,LA JOLLA VILLAGE DR,SD 005 SB ON RA  - GENESEE AV,,,20140,20328,40468,0078-19,4/25/19 0:00
NAVAJORD007719,NAVAJO RD,GOLFCREST DR - COWLES MOUNTAIN BL,,,9651,9459,19110,0077-19,4/25/19 0:00
NAVAJORD007619,NAVAJO RD,PARK RIDGE  BL - GOLFCREST  DR,,,7039,7313,14352,0076-19,4/25/19 0:00
NAVAJORD007519,NAVAJO RD,WARING RD - PARK RIDGE BL,,,8694,9316,18010,0075-19,4/25/19 0:00
SANDIEGUITORD007219,SAN DIEGUITO RD,CAMINO SANTA FE  - CITY LIMIT ,,,6887,6099,12986,0072-19,4/25/19 0:00
SANTORD006619,SANTO RD,PATRIOT ST - TIERRASANTA BL,5327,5716,,,11043,0066-19,4/25/19 0:00
VIADELAVALLE007319,VIA DE LA VALLE ,EL CAMINO REAL  - CITY LIMIT ,,,7013,6578,13591,0073-19,4/25/19 0:00
SPRINGHURSTDR008919,SPRINGHURST DR,SPRINGBROOK DR - POWAY RD,1712,1911,,,3623,0089-19,4/30/19 0:00
ALLEGHANYST58819,ALLEGHANY ST,RACHAEL AV - FLINTRIDGE DR,,,1506,1804,3310,588-19,1/14/20 0:00
CLAIREMONTDR58619,CLAIREMONT DR,BALBOA AV - CLAIREMONT MESA BL,7868,7819,,,15687,586-19,1/14/20 0:00
MAYALINDARD58219,MAYA LINDA RD,BLACK MOUNTAIN RD - GOLD COAST DR,,,1340,1034,2374,582-19,1/14/20 0:00
MIRALANIDR58319,MIRALANI DR,ARJONS DR - CAMINO RUIZ ,,,4996,4119,9115,583-19,1/14/20 0:00
43ST58719,43 ST,NATIONAL AV - LOGAN AV,3092,2917,,,6009,587-19,1/15/20 0:00
47ST58919,47 ST,GUYMON ST - F ST,7176,5337,,,12513,589-19,1/15/20 0:00
47ST59119,47 ST,SOLOLA AV - LADNER ST,5743,5381,,,11124,591-19,1/15/20 0:00
69ST59919,69 ST,IMPERIAL AV - AKINS AV,1468,1739,,,3207,599-19,1/15/20 0:00
ACACIAST59019,ACACIA ST,38 ST - VESTA ST,1453,2097,,,3550,590-19,1/15/20 0:00
BEYERBL58419,BEYER BL,IRIS AV - DEL SUR BL,,,2619,2559,5178,584-19,1/15/20 0:00
EUCLIDAV59619,EUCLID AV,ST. RITA PL - MANZANARES WY,6156,6182,,,12338,596-19,1/15/20 0:00
IMPERIALAV59519,IMPERIAL AV,61 ST - 62 ST,,,7250,7625,14875,595-19,1/15/20 0:00
MARKETST59719,MARKET ST,59 ST - IONA DR,,,2099,2549,4648,597-19,1/15/20 0:00
PHYLLISPL58519,PHYLLIS PL,ABBOTSHILL RD - MURRAY RIDGE RD,,,987,1057,2044,585-19,1/15/20 0:00
POTOMACST59419,POTOMAC ST,CALLE TORTUOSA  - SAIPAN DR,1721,1941,,,3662,594-19,1/15/20 0:00
47ST59219,47 ST,OCEAN VIEW BL - FRANKLIN AV,7006,6596,,,13602,592-19,1/16/20 0:00
MARKETST59319,MARKET ST,36 ST - GATEWAY CENTER DR,,,7708,8148,15856,593-19,1/16/20 0:00
43ST060419,43 ST,DELTA ST - GAMMA ST,7309,7811,,,15120,0604-19,1/21/20 0:00
62ST060719,62 ST,IMPERIAL AV - AKINS AV,1194,1299,,,2493,0607-19,1/21/20 0:00
CARDIFFST60019,CARDIFF ST,SAN FELIPE ST - SAN VICENTE ST,2700,2554,,,5254,600-19,1/21/20 0:00
CHURCHWARDST060619,CHURCHWARD ST,MANZANARES WY - DREAM ST,,,1864,2486,4350,0606-19,1/21/20 0:00
DEEPDELLRD60119,DEEP DELL RD,DEEP DELL CT - PARADISE VALLEY RD,1709,1476,,,3185,601-19,1/21/20 0:00
IMPERIALAV60219,IMPERIAL AV,31 ST - 32 ST,,,3177,3342,6519,602-19,1/21/20 0:00
LOGANAV060519,LOGAN AV,49 ST - EUCLID AV,,,5317,5450,10767,0605-19,1/21/20 0:00
NATIONALAV60319,NATIONAL AV,33 ST - 35 ST,,,5267,6364,11631,603-19,1/21/20 0:00
PARADISEVALLEYRD060819,PARADISE VALLEY RD,CITY LIMIT  - MUNDA RD,,,8666,8681,17347,0608-19,1/21/20 0:00
65AV060919,65 AV,WUNDERLIN AV - BROADWAY ,1188,1041,,,2229,0609-19,1/22/20 0:00
DELMARMESARD062419,DEL MAR MESA RD,CARMEL COUNTRY RD - AQUITAINE CT,,,1201,1113,2314,0624-19,1/22/20 0:00
FEDERALBL061019,FEDERAL BL,MALLARD ST - MACARTHUR DR,,,5577,5681,11258,0610-19,1/22/20 0:00
IMPERIALAV061819,IMPERIAL AV,65 ST - 66 ST,,,6898,7084,13982,0618-19,1/22/20 0:00
IMPERIALAV061119,IMPERIAL AV,EUCLID AV - SAN JACINTO DR,,,8529,9176,17705,0611-19,1/22/20 0:00
IMPERIALAV061719,IMPERIAL AV,RAINBOW ST - FLICKER ST,4400,4445,,,8845,0617-19,1/22/20 0:00
MEADOWBROOKDR062219,MEADOWBROOK DR,PARADISE VALLEY RD - ROYAL OAK DR,5675,6263,,,11938,0622-19,1/22/20 0:00
PARADISEVALLEYRD062119,PARADISE VALLEY RD,JESTER ST - GILMARTIN DR,,,9813,9974,19787,0621-19,1/22/20 0:00
SKYLINEDR061919,SKYLINE DR,MEADOWBROOK DR - GREENLAND DR,,,2458,2192,4650,0619-19,1/22/20 0:00
WOODMANST062019,WOODMAN ST,SD 054  - ALTA VIEW DR,12454,13418,,,25872,0620-19,1/22/20 0:00
DELCERROBL062319,DEL CERRO BL,THETA PL - CAPRI DR,,,2997,1976,4973,0623-19,1/23/20 0:00
MAINST061419,MAIN ST,RIGEL ST - SIVA ST,,,8285,8818,17103,0614-19,1/23/20 0:00
MARKETST59819,MARKET ST,PITTA ST - RADIO DR,,,5144,4514,9658,598-19,1/23/20 0:00
MUNDARD061519,MUNDA RD,PARADISE VALLEY RD - RIDGEWOOD DR,2407,2222,,,4629,0615-19,1/23/20 0:00
OLIVEAV061619,OLIVE AV,PLUMAS ST - REO DR,2427,2187,,,4614,0616-19,1/23/20 0:00
VESTAST061319,VESTA ST,ACACIA ST - BIRCH ST,2393,1845,,,4238,0613-19,1/23/20 0:00
VESTAST061219,VESTA ST,DALBERGIA ST - MAIN ST,2634,2772,,,5406,0612-19,1/23/20 0:00
DELMARMESARD062519,DEL MAR MESA RD,AQUITAINE CT - ANGOULEME CT,,,1082,969,2051,0625-19,1/28/20 0:00
DELSURBL062619,DEL SUR BL,ROSA LINDA ST - ARRUZA ST,1555,1358,,,2913,0626-19,1/28/20 0:00
DELSURBL062719,DEL SUR BL,SHOOTING STAR DR - CAITHNESS DR,904,852,,,1756,0627-19,1/28/20 0:00
DELTAST062819,DELTA ST,39 ST - 40 ST,,,1003,888,1891,0628-19,1/28/20 0:00
DENNERYRD063019,DENNERY RD,PALM AV - DEL SOL BL,6828,6147,,,12975,0630-19,1/28/20 0:00
DENNERYRD062919,DENNERY RD,REGATTA LN - PALM AV,6047,6240,,,12287,0629-19,1/28/20 0:00
DOLVIADR063219,DOLVIA DR,VERGARA ST - TRIANA ST,1336,1727,,,3063,0632-19,1/28/20 0:00
DUNAWAYDR063319,DUNAWAY DR,GLENWICK LN - TORREY PINES RD,1329,1200,,,2529,0633-19,1/28/20 0:00
DISTRIBUTIONAV063119,DISTRIBUTION AV,MIRAMAR RD - CARROLL RD,1527,1679,,,3206,0631-19,1/29/20 0:00
CAMIONESWY44519,CAMIONES  WY,CAMINO DE LA PLAZA  - SOUTH END  ,,,,,0,445-19,